рпзро░рпНрпз, ро▓рпЖfродрпН рооро░рпНЁСМЧЁСМ┐роирпН ро╣ро░ро┐ЁСМГ роТрооро╡ро┐ЁСМШЁСННроирооро╕рпНродрпБ

ро╡рпЖро▒рпНро▒ро┐ ро╡рпЗро▓рпБро▒рпНро▒ родрпБрогрпИ
роТроорпН
роЪро▒рпНроХрпБро░рпБ рокро╛родроирпН родрпБрогрпИ
роХрпБро░рпБроХрооро▓роорпН
роЪро┐ро╡рокрпНрокро┐ро░роХро╛роЪройрпН ро▒ро┐ро░рпБро╡роЯро┐ ро╡ро╛ро┤рпНроХ
роЮро╛ройродрпЗроЪро┐роХройрпН ро▒ро┐ро░рпБро╡роЯро┐роХро│рпЗ родрпБрогрпИ
роХрпБро░рпБ ро╡ро╛ро┤рпНроХ
роХрпБро░рпБро╡рпЗ родрпБрогрпИ
роЪро┐ро╡роХроЯро╛ро╖рпНро╖роорпН роЙрогрпНроЯро╛ропрпН роЮро╛ройрпКродропроХро┐ро▒рпБрокрпИ роЙрогрпНроЯро╛ропрпН ро╡ро┐ро│роЩрпНроХроХрпН роХроЯро╡родрпБ
роЮро╛ройроХрпБро░рпБродро┐роЯрпНроЯрпИ роЕро░рпБро│рпБрогрпНроЯро╛роХроХрпН роХроЯро╡родрпБ
роЪро┐ро╡роЮро╛рой родрпЗроЪро┐роХройрпН ро▒ро┐ ро░рпБро╡роЯро┐ ро╡ро╛ро┤рпН
роЮро╛ройродрпЗроЪро┐роХройрпН ро▒ро┐ро░рпБро╡роЯро┐роХрпНроХрооро▓роорпЗ родрпБрогрпИропро╛роХроХрпН роХроЯро╡родрпБ
роХрпБро░рпБ ро╡ро╛ро┤рпНроХ
роХрпБро░рпБро╡рпЗ родрпБрогрпИ ропрпБрогрпНроЯро╛роХроХрпН роХроЯро╡родрпБ
роЮро╛ройродрпЗроЪро┐роХройрпН родрпБрогрпИ
ро╡рпЖро▒рпНро▒ро┐ро╡рпЗ ро▓рпБро▒рпНро▒ родрпБрогрпИ
роЪро┐ро╡ рооропроорпН ро╡рпБрогрпНроЯро╛роХ ро╡рпЗрогрпН роЯро┐ропродрпБ
ро╡ро╛рогро┐ роирооро╕рпНродрпБ
ро╡ро╛рогро┐ роирооро╕рпНродрпБ
ро╣ро░ро┐ роТроорпН
роиройрпНро▒ро╛роХ
роХрпБро░рпБ ро╡ро╛ро┤рпНроХ
роХрпБро░рпБро╡рпЗ родрпБрогрпИ
роЪро┐ро╡ рооропроорпН
ро╡ро╛рогро┐ роирооро╕рпНродрпБ
ро╢рпНро░рпАро▒ро╛роороЪрпЖропроорпН
ро╡рпЖро▒рпНро▒ро┐ ро╡рпЗро▓рпБро▒рпН ро▒ родрпБрогрпИ
ро╣ роТроорпН [роЗ.роО. ро╣ро░ро┐ роТроорпН; ЁСМеЁСНВ ро╣ роЗро╕рпН роЗроирпНро╕ро┐ЁСМжЁСНВ ЁСМеЁСНВ роТроорпН]
роиройрпНро▒ро╛роХ
роХрпБро░рпБ ро╡ро╛ро┤рпНроХ
роХрпБро░рпБро╡рпЗ родрпВродрпБрогрпИ
роЪро┐ро╡ропрпЛроХроорпН
роХрпБро░рпБройро╛родройрпН роХроЯро╛ро╖рпНроЪроорпБрогрпНроЯро╛роХро▓рпБроорпН
роЪрпАро╡ропрпЛроХроорпН
роХрпБро░рпБрокро╛родроирпН родрпБрогрпИ
роХрпБро░рпБрокро╛родроирпН родрпБрогрпИ
ро╡рпЖро▒рпНро▒ро┐ ро╡рпЗро▓рпБро▒рпН ро▒ родрпБрогрпИ
ро╡ро╛ро▓рпИ роЪрпБроирпНродро░ро┐ родрпБрогрпИ ропро╛роХро╡рпБроорпН
роЪро┐ро╡роХро╛рооро┐ропроорпНрооройрпН родрпБрогрпИ
ро╡рпЖро▒рпНро▒ро┐ро╡рпЗ ро▓рпБро▒рпНро▒ родрпБрогрпИ
родро┐ро░рпБроЪрпНроЪро┐ро▒рпНро▒роорпНрокро▓роорпН
родро┐ро░рпБроЪрпНроЪро┐ро▒рпНро▒роорпНрокро▓роорпН
родро┐ро░рпБроЪрпНроЪро┐ро▒рпНро▒роорпНрокро▓роорпН
родро┐ро░рпБроЪрпНроЪро┐ро▒рпНро░роорпНрокро▓роорпН
ро╣ро░ро┐ЁСМГ роТроорпН
родро┐ро░рпБроЪрпНроЪро┐ро▒рпНро▒роорпНрокро▓роорпН
родро┐ро░рпБроЪрпНроЪро┐ро▒рпНро▒роорпНрокро▓роорпН
роЪро┐ро╡рооропроорпН
ро╡рпЖро▒рпНро▒ро┐ ро╡рпЗро▓рпБро▒рпНро▒ родрпБрогрпИ
ро╡рпЗропрпБро▒рпБ родрпЛро│ро┐рок роЩрпНроХройрпН ро▒рпБрогрпИ ро╡рпЗропрпБро▒рпБродрпЛро│ро┐рокроЩрпНроХройро┐ро╕рпН ЁСМеЁСНВ ЁСМмЁСНВЁСМЧЁСМ┐роирпНроиро┐роирпНЁСМЧЁСНН роТf родрпЗро╡ро╛ро░роорпН рпи.рпорпл.
родро┐ро░рпБроЪрпНроЪро┐ро▒рпНро▒роорпНрокро▓роорпН
родро┐ро░рпБрокрпНрокро╛родро┐ро░ро┐рокрпНрокрпБро▓ро┐ ропрпВро░рпН роЪро┐ро╡роХрпНроХрпКро┤рпБроирпНродрпА роЪрпБро░ро░рпН родрпБрогрпИ
ро╣ро░ро┐ роТроорпН ЁСМеЁСНВ wроТро░рпНЁСМжЁСНН ро╣ро░ро┐ роЗро╕рпН wро░ро┐родрпНродрпЖроиро┐роирпНро╕ро┐ЁСМжЁСНВ ЁСМеЁСНВ wроТро░рпНЁСМжЁСНН роТроорпН.
роиройрпНро▒ро╛роХ
ро╡ро╛рогро┐ роирооро╕рпНродрпБ
роиройрпН ро▒ро╛роХ
ро╣ро░ро┐ роТроорпН
роиройрпНро▒ро╛роХ
роХрпБро░рпБ ро╡ро╛ро┤рпНроХ
ро╡ро╛рогро┐ роирооро╕рпНродрпНродрпБ
роиройрпНро▒ро╛роХ
роЕройрпНройройро╛ропроХро┐ родрпБрогрпИ
ро╣ роТроорпН
роиройрпНро▒ро╛роХ
роХрпБро░рпБ ро╡ро╛ро┤рпНроХ
роХрпБро░рпБро╡рпЗ родрпБрогрпИ
роиройрпН ро▒ро╛роХ
ро╡рпЖро▒рпНро▒ро┐ро╡рпЗ ро▓рпБро▒рпНро▒ родрпБрогрпИ
родро┐ро░рпБроЪрпНроЪро┐ро▒рпН ро▒роорпНрокро▓роорпН
роПроХро╛родрпНродроорпНрооро╛ро│рпН родрпБрогрпИ
родро┐ро░рпБроЪрпН роЪро┐ро▒рпНро▒роорпН рокро▓роорпН
ро╡рпЖро▒рпНро▒ро┐ро╡рпЗро▓рпБро▒рпНро▒ родрпБрогрпИ
роЪро┐ро╡рооропроорпН
роЪро┐ро╡рооропроорпН
ро╡рпЖро▒рпНро▒ро┐ро╡рпЗро▓рпБро▒рпНро▒ родрпБрогрпИ
ро╣ро░ро┐ЁСМГ роТроорпН
роиройрпН ро▒ро╛роХ
ро╣ро░ро┐ЁСМГ  роТроорпН
ро╡рпЗро▓рпБрооропро┐ро▓рпБроорпН родрпБрогрпИ
роиройрпН ро▒ро╛роХ
роЪро┐ро╡рооропроорпН
родрпЗро╡ро┐роЪроХро╛ропроорпН
ро╢рпНро░рпАро▒ро╛роороЪрпЖропроорпН
ро╢рпНро░рпАро▒ро╛роороЪрпЖропроорпН
ро╢рпНро░рпАроороХро╛ро▓рпЖро╖рпНроЪрпБрооро┐ роХро┐ро▒рпБрокрпИ роЙрогрпНроЯрпБ
роЪро┐ро╡роЪро┐родроорпНрокро░роорпН родрпБрогрпИ роЙрогрпНроЯрпБ
роЪро┐ро╡роХро╛рооро┐ роЖроорпНрооройрпН родрпБрогрпИ роЙрогрпНроЯрпБ
роЪро┐ро╡рооропроорпН
ро╣ро░ро┐ЁСМГ роТроорпН
роЪро┐ро╡рооропроорпН
роиройрпН ро▒ро╛роХ
ро╡рпЖро▒рпНро▒ро┐ ро╡рпЗ ро▓рпБро▒рпНро▒ родрпБрогрпИ
ропрпАро▓рпИро╡ро╛ройрпН рокро╛родро╛ро░ро╡ро┐роирпН родроорпЗ роХрпЖродро┐
роЕро░рпБрогро╛роЪро▓роорпН родрпБрогрпИ
роЕро░рпБрогроХро┐ро░ро┐ родрпБрогрпИ
роЕроорпНрокро▓ро╡ро╛рогро╛ройрпН роХрпЖродро┐
роХрпБро░рпБ рокро╛родроЩрпН роХрпЖродро┐
ро╣ро░ро┐ роТроорпН роиройрпНро▒ро╛роХ
роХрпБро░рпБ ро╡ро╛ро┤рпНроХроХрпН
роХрпБро░рпБро╡рпЗ родрпБрогрпИ
роЪро┐ро╡роЪрпБродроХрогрокродро┐ родро┐ро░рпБро╡роЯро┐ роЪро░рогроорпН
ро╣ро░ро┐ роТроорпН роиройрпНро▒ро╛роХ
роХрпБро░рпБ ро╡ро╛ро┤рпНроХроХрпН
роХрпБро░рпБро╡рпЗ родрпБрогрпИ
ро╡рпЖро▒рпНро▒ро┐ ро╡рпЗ ро▓рпБро▒рпНро▒ родрпБрогрпИ
ро╡ро╛рогрпА роирооЁСМГ
ро╡ро╛рогрпА роирооЁСМГ
ро╡ро╛рогрпА роироо
ро╣ро░ро┐ роТроорпН
роиройрпН ро▒ро╛роХ
ро╣ро░ро┐ роТроорпН
роиройрпНро▒ро╛роХ
роХрпБро░рпБ ро╡ро╛ро┤рпНроХ
роХрпБро░рпБро╡рпЗ родрпБрогрпИ
ро╣ро░ро┐ роТроирпН
роиройрпНро▒ро╛роХ
роХрпБро░рпБ ро╡ро╛ ро┤рпНроХ
роХрпБро░рпБ ро╡рпЗ родрпБрогрпИ
ро╣ро░ро┐ роТроирпН
роиройрпНро▒ро╛роХ
роХрпБро░рпБро╡рпЗ родрпБрогрпИ
ро╡рпЖро▒рпНро▒ро┐ро╡рпЗ ро▓рпБро▒рпНро▒ родрпБрогрпИ
ро╣ро░ро┐ роТроорпН
роиройрпНро▒ро╛роХ
роХрпБро░рпБ ро╡ро╛ро┤рпНроХ
роХрпБро░рпБро╡рпЗ родрпБрогрпИ
роХрпБро░рпБро╡рпЗ родрпБрогрпИ
роиройрпН ро▒ро╛роХ
ро╡рпЖро▒рпНро▒ро┐ ро╡рпЗро▓рпБро▒рпНро▒ родрпБрогрпИ
ро╣ро░ро┐ роТроорпН
роиройрпНро▒ро╛роХ
роХрпБро░рпБ ро╡ро╛ро┤рпНроХ
роХрпБро░рпБро╡рпЗ родрпБ рогрпИ
ро╡ро╛рогро┐ роирооро╕рпНродрпБ
роЪро┐ро╡роХро┐ро▒рпБрокрпИ роЙрогрпНроЯро╛роХ родро╛роХро╡рпБроорпН
роиройрпН ро▒ро╛роХ
роЪро┐ро╡роЪрпБрокрпНрокро┐ро▒роорогро┐ропро░рпН родрпБрогрпИ
роХрпБро░рпБроХроЯро╖рпНроЪроорпН
ро╢рпНро░рпАроородрпЖ ро▒ро╛рооройрпБроЪро╛ропро░рпН роирооро╛
родро┐родрпНро▓рпЖ fроТро▓ро┐роТ ро░рпН, рооро░рпНЁСМЧЁСМ┐роирпН: роЪро┐ро╡рооропроорпН ро╣ро░ро┐ЁСМГ [ЁСМЧЁСННро░роирпНЁСМе] роУроорпН роиройрпНро▒ро╛роХ роХрпБро░рпБ ро╡ро╛ро┤рпНроХ роХрпБро░рпБро╡рпЗ родрпБрогрпИ
роЙроирпНроирпБроорпНЁСМмЁСНВро░рпЖЁСМжЁСНН fроТро▓ро┐роТ ро░рпН, рооро░рпНЁСМЧЁСМ┐роиро┐роирпН родрпНwроТ роЪрпКро▓рпБроорпНроирпНро╕рпН: рпз. ро╣ро░ро┐ роУроорпН роиройрпНро▒ро╛роХ, рпи. роХрпБро░рпБро╡ро╛ро┤рпНроХ роХрпБро░рпБро╡рпЗ родрпБрогрпИ роиропро┐ро┤родроорпН
f. рпзрпнрпоро░рпН, рооро░рпНЁСМЧЁСМ┐роирпН: роЪро┐ро╡рооропроорпН, рокроЯро▓роороЯрпНроЯро╡рогрпИ
роЙроирпНроирпБроорпНЁСМмЁСНВро░рпЖЁСМжЁСНН fроТро▓ро┐роТ ро░рпН, рооро░рпНЁСМЧЁСМ┐роирпН: ро╣ро░ро┐ЁСМГ роУроорпН [ЁСМЧЁСННро░роирпНЁСМе]
f. рпзро░рпН, рооро░рпНЁСМЧЁСМ┐роирпН: ро╣ро░ро┐ЁСМГ роУроорпН [ЁСМЧЁСННро░роирпНЁСМе] роиройрпНро▒ро╛роХ, роиро┐роЯродроорпН роиро╛роЯрпНроЯрпБрокрпНрокроЯро▓роорпН
ро╣ро░ро┐ЁСМГ роТроорпН
роиройрпНро▒ро╛ роХ
роХрпБро░рпБро╡рпЗ родрпБрогрпИ
родро┐родрпНро▓рпЖ fроТро▓ро┐роТ рпзро░рпН: ро╡рпЖро▒рпНро▒ро┐ ро╡рпЗро▓рпБро▒рпНро▒ родрпБрогрпИ, роЗроГродрпБ [рокрпИроирпНродрпЖЁСМжЁСНН] ЁСМмЁСНН/рплрпм рокро░роЮрпНроЪрпЛродро┐ роорпБроиро┐ро╡ро░рпН роЪрпЖропрпНрод роЕро▒рпБрокродрпНродрпБроиро╛ро▓рпБ родро┐ро░рпБро╡ро┐ро│рпИропро╛роЯро▓рпН [ро╕рпНродро┐роЪрпНроХрпЖро░рпН: рпмрпорпм], ро╡рпЖро░рпНро╕рпК ЁСМмЁСННро▓роирпНроХрпН
родро┐родрпНро▓рпЖ fроТро▓ро┐роТ рпиро░рпН, рооро░рпНЁСМЧЁСМ┐роирпН: [роирпК роЗроирпНроХрпН] роЪро┐ро╡ рооропроорпН {роЗро▓рпНро▓рпЖЁСМЧЁСМ┐ЁСМмЁСННро▓рпЖ} {роЗро▓рпНро▓рпЖЁСМЧЁСМ┐ЁСМмЁСННро▓рпЖ} роородрпБро░рпИрокрпБро░ро╛рогроорпН
роЙроирпНроирпБроорпНЁСМмЁСНВро░рпЖЁСМжЁСНН fроТро▓ро┐роТ ро░рпН, рооро░рпНЁСМЧЁСМ┐роирпН: роЕро▒рпБроорпБроХроирпН родрпБрогрпИ родро┐ро░рпБроЪро┐ро▒рпНро▒роорпНрокро▓роорпН родро┐ро░рпБро╡ро╛ро▓ро╡ро╛ропрпБроЯрпИроп родроорпН рокро┐ро░ро╛ройро╛ро░рпН родро┐ро░рпБро╡ро┐ро│рпИропро╛роЯро▒рпНрокрпБро░ро╛рогроорпН
f. рпзро░рпН рооро░рпНЁСМЧЁСМ┐роирпН: роЖро▒рпБроорпБроХроирпН родрпБрогрпИ родро┐ро░рпБро╡ро┐ро│рпИропро╛роЯро▒рпН рокрпБро░ро╛рогроорпН роХроЯро╡рпБро│рпН ро╡рогроХрпНроХроорпН. родрпЖро▓ро┐роХрпНроХро╛ропроорпН
f. рпирпорпжро░рпН, рооро░рпНЁСМЧЁСМ┐роирпН: роЕро░рпБроЪрпНроЪройрпИрокрпНрокроЯро▓роорпН
роЙроирпНроирпБроорпНЁСМмЁСНВро░рпЖЁСМжЁСНН fроТро▓ро┐роТ рпзро░рпН, рооро░рпНЁСМЧЁСМ┐роирпН: ро╣ро░ро┐ роТроорпН [ЁСМЧЁСННро░роирпНЁСМе]
роЙроирпБроорпНЁСМмЁСНВро░рпЖЁСМжЁСНН fроТро▓ро┐роТ ро░рпН, [роирпК роЗроирпНроХрпН] рооро░рпНЁСМЧЁСМ┐роирпН: ро╣ро░ро┐ роТроорпН [ЁСМЧЁСННро░роирпНЁСМе] роиройрпНро▒ро╛роХ
f. рпзро░рпН, рооро░рпНЁСМЧЁСМ┐роирпН: ро╣ро░ро┐ роТроорпН роиройрпНро▒ро╛роХ, родро┐ро░рпБро╡ро╛ро▓ро╡ро╛ропрпБроЯрпИроп родроорпНрокро┐ро░ройро╛ро░рпН родро┐ро░рпБро╡ро┐ро│рпИропро╛роЯро▓рпНрокрпН рокрпБро░ро╛рогроорпН [ЁСМЧЁСННро░роирпНЁСМе роорпН]
ро╣ро░ро┐ роТроорпН
роиройрпНро▒ро╛роХ
роХрпБро░рпБ ро╡ро╛ро┤рпНроХ роХрпБ ро░рпБро╡рпЗ родрпБрогрпИ
роЕро░рпБрогро╛роЪро▓ропрпАроЪрпБрок ро░ро░рпН ро░роХрпНро╖ро┐роХрпНроХ
роЪро┐ро╡рооропроорпН
роЪро┐ро╡рооропроорпН
ро╣ро░ро┐ЁСМГ роТроорпН
родро┐ро░рпБроЪрпНроЪро┐ро▒рпНро▒роорпНрокро▓роорпН
родрпЖрогрпНроЯрокро╛рогро┐ родрпБрогрпИ
ро╣ро░ро┐ЁСМГ роТроорпН
ро╣ро░ро┐ЁСМГ роТроорпН
роиройрпНро▒ро╛роХ
роХрпБро░рпБ ро╡ро╛ро┤рпН
роХрпБро░рпБро╡рпЗ родрпБрогрпИ
родро┐родрпНро▓рпЖ fроТро▓ро┐роТ: ро╢рпНро░рпАро▒ро╛роо роЬрпЗропрпНропроВ [ЁСМЧЁСННро░роирпНЁСМе], рокрпИроирпНродрпЖЁСМжЁСНН ЁСМмЁСНН/рпирпп, родро┐ро░рпБроХро╛ро▓ро╣ро╕рпНродро┐ рокрпБро░ро╛рогрпБ {родрпЖро▓рпБЁСМЧрпБ?}, ро╕рпНродро┐роЪрпНроХрпЖро░рпН рпкрпйрпй, ро╡рпЖро░рпНро╕рпК ЁСМмЁСННро▓роирпНроХрпН
роЙроирпНроирпБроорпНЁСМмЁСНВро░рпЖЁСМжЁСНН fроТро▓ро┐роТ ро░рпН, рооро░рпНЁСМЧЁСМ┐роирпН: ро╢рпБЁСМнрооро╕рпНродрпБ [ЁСМЧЁСННро░роирпНЁСМе] роХро╛ро│родрпНродро┐рокрпБро░ро╛рогрооро╡ро┐ЁСМШЁСННроирооро╕рпНродрпБ [ЁСМЧЁСННро░роирпНЁСМе]
роЙроирпНроирпБроорпНЁСМмЁСНВро░рпЖЁСМжЁСНН fроТро▓ро┐роТ ро░рпН, ро░ро┐ЁСМШЁСННродрпН рооро░рпНЁСМЧЁСМ┐роирпН: ЁСМЧрпБро░рпБрокро╛ЁСМжЁСМ╛ро░ро╡ро┐роирпНродроирпН [родрпН]роЙрогрпИ [ЁСМЧЁСННро░роирпНЁСМе], ро╡рпЖро░рпНро╕рпК ЁСМмЁСННро▓роирпНроХрпН
f. рпзро░рпН рооро░рпНЁСМЧЁСМ┐роирпН: роиройрпНро▒ро╛роХ
ро╣ро░ро┐ роТроорпН
роиройрпНро▒ро╛роХ
роХрпБро░рпБ ро╡ро╛ро┤рпНроХ
роХрпБро░рпБро╡рпЗ родрпБрогрпИ
роЖро▒рпБрооро╛роорпБроХроорпБроорпН ро╡ро╛ро┤рпН
ро╡рпЗ родрпНродро┐ро╡рпЗро▓рпН [роЗ.роО. ро╡рпЖро▒рпНро▒ро┐ро╡рпЗро▓рпН] ро╡ро╛ро┤ро┐ ро╡ро╛ро┤ро┐
роЖроХрпИропро┐ройро╛ро▓рпЗ ропро┐роирпНрод ро╡ро│рпНро│ро┐ропроорпНроорпИрокрпБро▒ро╛рогродрпНродрпИ рокроЯро┐родрпНрод рокрпЗро░рпБроорпН роХрпЖроЯрпНроЯ рокрпЗро░рпБроорпН роЗроорпНроорпИ ропро┐ро▓рпЗ роиро┐ройрпИродрпНрод роХро╛ро░ро┐ропроорпБроорпН роЪро┐родрпНродро┐ропро╛роорпН рооро▒рпБроорпИропро┐ро▓рпЗ роорпКро╖рпНро╖роорпБроорпНроорпН [роЗ.роО. роорпКроХрпНро╖роорпБроорпН] роЙрогрпНроЯро╛роорпН тАУ роХро╛ро▒рпНродрпНродро┐роХрпИ роиро╖рпНро╖родрпНродро┐ро░роорпН роХроирпНродро░рпН роЪро╖рпНроЯро┐ роЪрпЖро╡рпНро╡ро╛ропрпНроХрпНроХро┐ро┤роорпИ роЪрпЛрооро╡ро╛ро░рооро┐родрпБроХро│ро┐ро▓рпЗ роТро░рпБ рокрпКро┤рпБродро┐ро░рпБроирпНродрпБ роорпБроХрпНроХро╛ро▓роХрпН роХрпЗроЯрпНроЯ рокрпЗро░рпБроорпН роорпБроХрпНроХро╛ро▓ рокрпН рокроЯро┐родрпНрод рокрпЗро░рпБроорпЖро┤рпБродро┐рой рокрпЗро░рпБроорпН тАУ роЗро╡ро░рпНроХро│рпБроХрпНроХрпНтАЩ роОро▓рпНро▓ро╛роорпН роХроирпНродроЪрпБрокро╛ро╡ро╛рооро┐ родрпБрогрпИропро┐ро░рпБрокрпНрокро╛ро░рпН
родро┐ро░рпБроЪрпНроЪро┐ро▒рпНро▒роорпНрокро▓роорпН
ро╡рпЖро▒рпНро▒ро┐ ро╡рпЗро▓рпБро▒рпНро▒ родрпБрогрпИ
ро╡рпЗро▓рпБроорпН рооропро┐ро▓рпБроорпН
роЪрпБрокрпНрокро┐ро▒роорогро┐ропро░рпН роХро┐ро▒рпБрокрпИропрпБрогрпНроЯро╛роХ ро╡рпЗрогрпБроорпН
ро╣ро░ро┐
роиройрпНро▒ро╛ роХ
роХрпБро░рпБро╡рпЗ родрпБрогрпИ
роЪроЩрпНроХро░родрпЗроЪро┐роХройрпН рокродроорпЗ родрпБрогрпИ
роЪро┐ро╡роорпН
родро┐ро░рпБроЪрпНроЪро┐ро▒рпНро▒роорпНрокро▓роорпН
ро╡рпЖро▒рпНро▒ро┐ро╡рпЗ ро▓рпБро▒рпНро▒ родрпБрогрпИ
роХрпБро░рпБро╡рпЗ родрпБрогрпИ
родро┐ро░рпБроЪрпНроЪро┐ро▒рпНро▒роорпНрок ро▓роорпН
ро╢рпНро░рпА

ро╢рпНро░рпАроХрпБро░рпБрокро╛родроорпЗ роХрпЖродро┐
родро┐ро░рпБроЪрпНроЪро┐ро▒рпНро▒роорпНрокро▓роорпН
роХрогрокродро┐ роорпБройрпНройро┐ро▒рпНроХ
родро┐ро░рпБроЪрпНроЪро┐ро▒рпНро▒роорпНрокро▓роорпН
роЪро┐ро╡роо ропроорпН
ро╡рпЖро▒рпНро▒ро┐ ро╡рпЗ ро▓рпБро▒рпНро▒ родрпБрогрпИ
роЖро▒рпБроорпБроХроорпН
ро╣ро░ро┐ роТроорпН
роиройрпНро▒ро╛роХ
роХрпБро░рпБ ро╡ро╛ро┤рпН
роХрпБро░рпБро╡рпЗ родрпБ рогрпИ
ро╡рпЖро▒рпНро▒ро┐ро╡рпЗро▓ро╛ропрпБродроХрпН роХроЯро╡рпБро│рпЗ родрпБрогрпИ
[ЁСМмЁСННро▓рпЖро╕рпНро╕ро┐роирпНЁСМЧЁСННро╕рпН: роЕЁСМжЁСННЁСМжЁСНВроирпНЁСМжрпБроорпН, родрпНwроТ роЪрпКро▓рпБроорпНроирпНро╕рпН роТроирпН ЁСМеЁСНВ ро▓рпЖfродрпН ро╕ро┐ЁСМжЁСНВ, роЙроирпНЁСМмЁСННро▓роЪрпНроХрпЖроирпЖЁСМжЁСНН]
роиройрпН ро▒ро╛роХ
роЪро┐ро╡роорпН
ро╡рпЖро▒рпНро▒ро┐ ро╡рпЗро▓рпН
роХрпБрооро╛ро░роЪрпБро╡ро╛рооро┐ рокродро╛ро░ро╡ро┐роирпНродроорпЗ роХрпЖродро┐
роЖро▒рпБроорпБроХроорпН родрпБрогрпИ
ро╣ро░ро┐ роТроорпН
роиройрпНро▒ро╛роХроХрпН
роХрпБро░рпБ ро╡ро╛ро┤рпНроХ
роХрпБро░рпБро╡рпЗ родрпБрогрпИ
ро╡рпЖро▒рпНро▒ро┐ро╡рпЗро▓рпБро▒рпНро▒ родрпБрогрпИ
роЪро░ро╡рогрокро╡роЪрогрпНроорпБроХроХрпБрооро╛ро░роЪрпБро╡ро╛рооро┐ родрпБрогрпИ
ро╡рпЖро▒рпНро▒ро┐ ро╡рпЗ ро▓рпБро▒рпНро▒ родрпБрогрпИ
ро╢ро┐ро╡рооропроорпН
ро╣ро░ро┐ЁСМГ роТроорпН
роиройрпНро▒ро╛роХ
ро╢ро┐ро╡рооропроорпН
ро╢ро┐ро╡рооропроорпН
родро┐ро░рпБроЪрпНроЪро┐родрпНродро▒рпНро▒роорпНрокро▓роорпН
ро╢рпБЁСМнрооро╕рпНродрпБ роЕро╡ро┐ЁСМШЁСННроирооро╕рпНродрпБ
роЖро▒рпБроорпБроХроирпН родрпБрогрпИ
родро┐ро░рпБроХрпНроХро╛ро│родрпНродро┐ ро▓ро┐роЩрпНроХроирпН родрпБрогрпИропрпБрогрпНроЯро╛роХ
ро╣ро░ро┐ЁСМГ роТроорпН
роиройрпНро▒ро╛роХ
родро┐ро░рпБроЪрпНроЪро┐ ро▒рпНро▒роорпНрок ро▓роорпН
ро▓рпЖfродрпН рооро░рпНЁСМЧЁСМ┐роиро▓рпН ЁСМмЁСННро▓рпЖро╕рпНро╕ро┐роирпНЁСМЧЁСННро╕рпН: роО.ЁСМЧЁСНН.: роЪро┐ро╡роорпН (fрпирппрпйро░рпН, fрпирппрплро░рпН, fрпйрпжрпжро░рпН), ро░ро╛роороЪропроорпН (fрпйрпмрпиро░рпН, fрпйрпмрплро░рпН), ро╢рпНро░рпАро▒ро╛ (fрпкрпжрпнро░рпН, fрпкрпнрпмро░рпН), ро╢рпНро░рпАро▒рооро╛ (fрпкрпзрпзро░рпН).
ро╡рпЖро▒рпНро▒ро┐ро╡рпЗ ро▓рпБро▒рпНро▒ родрпБрогрпИ
ро╣ро░ро┐ роТроорпН
ро╣ро░ро┐ роТроорпНтАМ
роиройрпНро▒ро╛роХ
ро░ро╛роороЪрпЖропроорпН
ро╢рпНро░рпАро▒ро╛рооро░рпН рокро╛родро╛ро░ро╡ро┐роирпНродроХрпЖродро┐
ро╡рпЖро▒рпНро▒ро┐ро╡рпЗро▓рпБро▒рпНро▒ родрпБрогрпИ
ро╡рпЗропрпБро▒рпБродрпЛро│ро┐рокроЩрпНроХройрпН ро▒рпБрогрпИ
родро┐ро░рпБроЪрпНроЪро┐родрпНродроорпНрокро▓роорпНрокро▓роорпН [роЪрпКро░рпНро░рпЖроЪрпНродрпЖЁСМжЁСНН ЁСМмЁСННропрпН ЁСМеЁСНВ ро╕рпНроЪрпНро░ро┐ЁСМмЁСНВ родрпК родро┐ро░рпБроЪрпНроЪро┐ро▒рпНро▒роорпНрокро▓роорпН]
ро╡рпЖро▒рпНро▒ро┐ро╡рпЗ ро▓рпБро▒рпНро▒ родрпБрогрпИ
ро╣ро░ро┐ роироорпКро╕рпНтАМродрпНродрпБ
роХрогрокродро┐ роЪроХро╛ропроорпН
роЙрокродрпЗроЪроХрогрпНроЯроорпН
родро┐ро░рпБроЪрпНроЪро┐ро▒рпНро▒роорпНрокро▓роорпН
роЪро┐ро╡роЪрпБрокрпНрокро┐ро░роорогро┐роп
родро┐ро░рпБроЪрпНроЪро┐ро▒рпНро▒роорпНрокро▓роорпН
роЪро┐ро╡рооропроорпН
ро╢рпНро░рпАроХрпКроХро┐ро▓ро╛роорпНрокро╛ро│рпН роХро┐ро▒рпБрокрпИ
роЪро┐ро╡рооропроорпН
ро╡рпЖро▒рпНро▒ро┐ро╡рпЗро▓рпБро▒рпНро▒ родрпБрогрпИ
ро╣ро░ро┐ роТроорпНтАМ
роиройрпНро▒ро╛роХ
роХрогрокродро┐ роЪроХро╛ропроорпН
роЪро┐ро╡рооропроорпН
роорпБро░рпБроХропрпНропройрпН родрпБрогрпИ
рооро╛родро╛рокро┐родро╛роХрпБро░рпБродрпЖропрпНро╡роирпН родрпБрогрпИ
родрпЖро╡ро┐роЪроХро╛ропроорпН
ро╡рпЗро▓рпБрооропро┐ро▓рпБроирпН родрпБрогрпИ
роЪро┐ро╡рооропроорпН
роЪро┐ро╡рооропроорпН
ро╡рпЖро▒рпНро▒ро┐ро╡рпЗ ро▓рпБро▒рпНро▒ родрпБрогрпИ
ро╣ро░ро┐ роТроорпН
роиройрпНро▒ро╛роХ
роХрпБро░рпБ рокро╛родроирпН родрпБрогрпИ
роороХро╛роХрогрокродро┐ родрпБрогрпИ
ропро┐ро░ро╡роЪрпБро╡ро╛рооро┐ роЪроХро╛ропроорпН
ро╡рпЖро▒рпНро▒ро┐ро╡рпЗ ро▓рпБро▒рпНро▒ родрпБрогрпИ
ро╣ро░ро┐ роТроорпН
роиройрпНро▒ро╛роХ
роХрпБро░рпБ ро╡ро╛ро┤рпНроХ
роХрпБро░рпБро╡рпЗ родрпБрогрпИ
роХрогрокродро┐ родрпБрогрпИ
роЪро┐ро╡роЪрпБродроХрогрокродро┐ родро┐ро░рпБро╡роЯро┐ роЪро▒ рог ~ ~ ~ ~ роорпН [роЗ.роО. роЪро░рогроорпН]
роиройрпН ро▒ро╛роХ
ро╡рпЗроЩрпНроХроЯро╛роЪро▓ рокродро┐ родрпБрогрпИ
ро╣ро░ роТроорпН
роиройрпН ро▒ро╛роХ
роЕройро╛родро┐ роирооро╛
роЗроЪрпЗроЪрпБ рооро░ро┐ ропрпЗ роЪрпВроЪрпЗ родрпБрогрпИ
родро┐ро░рпБроЪрпНроЪро┐ро▒рпНро▒роорпНрокро▓роорпН
роХрпБро░рпБрокро╛родроорпЗ родрпБрогрпИ
родро┐ро░рпБроЪрпНроЪро┐ро▒рпНро▒роорпНрокро▓роорпН
роЪро┐ро╡роЪро┐ро╡роЪро┐ро╡роЪро┐ро╡роЪро┐ро╡роЪро┐родроорпНрокро░роорпН
ро╡рпЖро▒рпНро▒ро┐ ро╡рпЗро▓рпБро▒рпНро▒ родрпБрогрпИ
роиройрпН ро▒ро╛роХ
ро▒ро╛роороЪрпЖропроорпН
роиройрпН ро▒ро╛роХ
роЪро▒рпНроХрпБро░рпБ роЪро▒рогроорпН
роЪро┐ро╡ройроЯро┐ропро╛ро░рпНроХро│рпН роЪро┐роирпНродрпИропро┐ро▓рпН ро╡ро╛ро┤рпБроирпН
родро╡роЪро┐ро╡роХрогрокродро┐ родро╛ро│рпЗ роЪро░рогроорпН
ро▒ро╛роороЪропроорпН
ро╣ро░ро┐ роТроорпН
роиройрпНро▒ро╛роХ
роХрпБро░рпБ ро╡ро╛ро┤рпНроХ
роХрпБро░рпБро╡рпЗ родрпБрогрпИ
ро╡рпЗро▓рпБрооропро┐ро▓рпБроорпН родрпБрогрпИ
роЪро┐ро╡рооропроорпН
роЪро┐ро╡рооропроорпН
ро╣ро░ро┐ роТроорпН
роиройрпНро▒ро╛роХ
родро┐ро░рпБроЪрпНроЪро┐ро▒рпНро▒роорпНрокро▓роорпН
роЪро┐ро╡рооропроорпН
родро┐ро░рпБроЪрпНроЪро┐ро▒рпНро▒роорпНрокро▓роорпН
роЪро┐ро╡рооропроорпН
роЪро┐ро╡рооропроорпН
роЪро┐ро╡
ро╡рпЖро▒рпНро▒ро┐ро╡рпЗ ро▓рпБро▒рпНро▒ родрпБрогрпИ
ро╡рпЖро▒рпНро▒ро┐ ро╡рпЗро▓рпБро▒рпН ро▒ родрпБрогрпИ
ро░рпБ ро░рпБ ро░рпБ ро╡рпЖро▒рпНро▒ро┐ро╡рпЗро▓рпБро▒рпНро▒
ро╣ро░ро┐ роТроорпН
роЪро┐ро╡рооропроорпН
роХрпБро░рпБрокро╛ родроирпН родрпБ рогрпИ
роХрпБро░рпБрокро╛родрогрпН родрпБрогрпИ
ро╡рпЖро▒рпНро▒ро┐ро╡рпЗро▓рпБро▒рпНро▒ родрпБрогрпИ
ро╣ро░ро┐ роТроорпН ЁСМеЁСНВ ЁСМлЁСННро░ро╕рпЖ ро╣ро░ро┐ роТ роЗро╕рпН роЗродрпНро╕рпЖро▓рпНf роЗроирпНро╕рпНроЪрпНро░ро┐ЁСМмЁСНВЁСМжЁСНН роЗроирпНро╕ро┐ЁСМжЁСНВ ЁСМеЁСНВ fроЗроиро▓рпН роорпН
ро╡ро┐ройро╛ропроХройрпН рокро╛родроорпЗ родрпБрогрпИ
ро╣ро░ро┐ роТроорпН
роиройрпНро▒ро╛роХ
родро┐ро░рпБроЪрпНроЪро┐родрпНродро▒рпНро▒роорпНрокро▓роорпН
роЪро░ро╡рогрокро╡роорпБро░рпБроХройрпН рокро╛родро╛ро░ро╡ро┐роирпНродроорпЗ родрпБрогрпИ
роЪро┐ро▒рпИ роХрпКрогрпНроЯ ро╡ро┐ройропро╛роХро░рпН рокро╛родроорпЗ родрпБрогрпИ
родро┐ро░рпБроЪрпНроЪрпЖроирпНродрпВро░рпН роорпБро░рпБроХро░рпН рокро╛родро╛ро░ро╡ро┐роирпНродроорпЗ родрпБрогрпИ
роорпБро░рпБроХройрпН ро▒рпБрогрпИ
роЪрпЗроЪрпБ рооро░ро┐ропрпЗ роЪрпВроЪрпИ родрпБрогрпИ
роиройрпНро▒ро╛роХ
роЪрпЗроЪрпБ рооро░ро┐ропрпЗ роЪрпВроЪрпЗ ро░рпЖроЯрпНроЪро┐ ропрпБроорпН
родроорпНрокро┐роХрпНроХро┐ роОро▓рпНро▓ро╛роироорпНроорпИ ропрпБроорпН роЙрогрпНроЯро╛ро╡ родрпНтАЩ роЖроХро╡рпБроорпН
ро╣ро░ро┐ роТроорпН
роиройрпНро▒ро╛роХ
ро╣ роИ ро░ро┐ЁСМГ роТроорпН
ро╣ роИ ро░ро┐ЁСМГ роироорпКродрпНродрпБ
роиройрпНро▒ро╛роХ
роХрпБро░рпБ ро╡ро╛ро┤рпНроХ
ро╣ро░ро┐ роТроорпН
роиройрпНро▒ро╛роХ
роХрпБро░рпБ ро╡ро╛ро▓рпН роХ
роХрпБро░рпБро╡рпЗ родрпБрогрпИ
роХрпБро░рпБроХро┐роЯро╛ро╖рпНроЪроорпН
роХрпБро░рпБроХро┐роЯро╛ро╖рпНроЪроорпН
роЪро░роЪрпБрокродро┐ роЕроорпНрооройрпН родрпБрогрпИ
роиройрпНро▒ро╛роХ
ро╣ро░ро┐ роТроорпН
роиройрпН ро▒ро╛роХ
роХрпБро░рпБ ро╡ро╛ро┤рпНроХ
роХрпБро░рпБро╡рпЗ родрпБрогрпИ
ро╣ро░ро┐ роТроорпН
роирпАро▓ропродро╛роЯрпНроЪро┐ родрпБрогрпИ
ро╡рпЗро▓рпБрооропро┐ро▓рпБроорпН родрпБрогрпИ
родро┐ро░рпБроЪрпНроЪро┐ро▒рпНро▒роорпНрокро▓роорпН
роХрпБро░рпБ ро╡ро╛ро┤рпНроХ
роХрпБро░рпБ ро╡ро╛ро┤рпНроХ
ро╣ро░ро┐ роТроорпН
роиройрпНро▒ро╛роХ
родро┐ро░рпБроЪрпНроЪро┐ро▒рпНро▒роорпНрокро▓роорпН
рокро┐ро▒рпИропрпБро│ройро╛родройрпН родро┐ро░рпБро╡роЯро┐ ро╡ро╛ро┤рпНроХ
родро┐ро░рпБроЪрпНроЪро┐ро▒рпНро▒роорпНрокро▓роорпН
родро┐ро░рпБроЪрпНроЪро┐ро▒рпНро▒роорпНрокро▓роорпН
родро┐ро░рпБроЪрпНроЪро┐ро▒рпНро▒роорпНрокро▓роорпНтАМ
роХрпБро░рпБро╡рпЗ родрпБрогрпИ
родрпЗро╡ро┐роЪроХро╛ропроорпН
роЪро┐ро╡рооропроорпНтАМ
родро┐ро░рпБроЪрпНроЪро┐ро▒рпНро▒роорпНрокро▓роорпН
роЪро┐ро╡рооропроорпНтАМроорпНтАМроорпНтАМ
родро┐ро░рпБроЪрпНроЪро┐ро▒рпНро▒роорпНрокро▓роорпН
роОроЪрпБрооро░ро┐ропрпЗ родрпБрогрпИ
роЪрпЗроЪрпБ рооро░ро┐ропрпЗ роЪрпВроЪрпИ родрпБрогрпИ
ро╣ро░ро┐ роТроорпН
ро╢рпНро░рпАро▒ро╛роо роЪрпЖропроорпН
ро╣ро░ро┐ роТроорпН
ро▒ро╛роороЪрпЖропроорпН
роХрпБро░рпБрокро╛родроирпН родрпБрогрпИ
ро╣ро░ро┐ЁСМГ  роТроорпН
ропро┐роЪрпЗроЪрпБ рооро░ро┐ропрпЗ роЪрпВроЪрпЗ родрпБрогрпИ
родрпЗро╡рооро╛родро╛ родрпБрогрпИ роЪро╡ро░ро┐ро░ро╛ропройрпН
родрпЗро╡родро╛ропро╛ро░рпН родрпБрогрпИ
родрпЗро╡рооро╛родро╛ родрпБрогрпИ
ропрпЗроЪрпБ родрпБрогрпИропро╛роХ ро╡рпЗрогрпНродро┐ропродрпБ
роЕроирпНродрпКрогро┐ропро╛ро░рпН родрпБрогрпИропро╛роХ ро╡рпЗрогрпНродро┐ропродрпБ
роХрпБро░рпБ родрпБрогрпИ
роиройрпНро▒ро╛ роХ
ро╣ро░ро┐ роТроорпН
роиройрпНро░ро╛роХ
роХрпБро░рпБ ро╡ро╛ро┤рпНроХ
роиройрпНро░ро╛роХ
роиройрпНро░ро╛роХ
ро╣ро░ро┐ЁСМГ роТроорпН
роиройрпН ро░ро╛роХ
ро╣ро░ро┐ роТроорпН
роиройрпНро▒ро╛роХ
роХрпБро░рпБ ро╡ро╛ро┤рпНроХ
роХрпБро░рпБро╡рпЗ родрпБрогрпИ={рокрпНроЪрпНро╕рпН}
роиройрпНро▒ро╛роХ
ро╣ро░ро┐ роТроорпН
роиройрпНро▒ро╛роХ
роХрпБро░рпБ ро╡ро╛ро┤рпНроХ
роиройрпНро▒ро╛роХ
ро╣ро░ро┐ роТроорпН
роиройрпНро▒ро╛роХ
роХрпБро░рпБ ро╡ро╛ро┤рпНроХ
роХрпБро░рпБро╡рпЗ родрпБрогрпИ={рокрпНроЪрпНро╕рпН}
рокро┐родро╛ роЪрпБродройрпН ропро┐ро╕рпНрокро┐ро░рпАродрпНродрпБ роЪро╛роирпНродрпБ роиро╛роородрпНродро┐ройро╛ро▓рпЗ
ропрпЗроЪрпБройро╛родро╛ропрпН ройроо ЁСМГроЙроирпНЁСМмЁСННро▓роЪрпНроХрпЖроирпЖЁСМжЁСНН
рокро┐родро╛ роЪрпБродройрпН ропро┐роЪрпБрокрпНрокро┐ро░ро┐родрпНродрпБ роЪроирпНродрпБ ройро╛роородрпНродро┐ройро╛ро▓рпЗ
рокро┐родро╛ роЪрпБродройрпН ропро┐роЪрпБрокрпНрокро┐ро░ро┐родрпНродрпБ роЪро╛роирпНродрпБ ройро╛роородрпН родро┐ройро╛ро▓рпЗ
родрпЗро╡роЮро╛ройрокрпНрокро┐ро▒роХро╛роЪроЪрпБро░рпБрокрооро╛ропро┐ро░рпБроХрпНроХро┐ро▒ рокро░ро╛рокро░ро╡ро╕рпНродрпБро╡ро╛ роХро┐ро▒ рокро┐родро╛ро╡ро╛роХро┐роп роЪро▒рпБро╡рпЗроЪрпБро░ройрпБроХрпНроХрпБ ро╕рпНродрпКродрпНродро┐ро░роорпБрооро╡ро░рпБ роЯрпИроп рокрпБродрпНродро┐ро╡ро╛ро▒рпНродрпИ ропро╛роХро┐ро▒ ропрпЗроХроЪрпБродройро╛роХро┐роп ропрпЗроЪрпБройро╛род роЪрпБро╡ро╛рооро┐роХрпНроХрпБ ропро▒рпНроЪройрпИропрпБроорпН рокро┐родро╛ро╡рпБроХрпНроХрпБроорпН роЪрпБродройрпБроХрпНроХрпБроорпН рокроирпНрод ройрооро╛ропро┐ро░рпБроХрпНроХро┐ро▒ родрпЗро╡роЪро┐ройрпЗроХрооро╛роХро┐ро▒ ро╕рпНро╡ро┐ро░ро┐родрпНродрпБроЪро╛родрпНродрпБ ро╡рпБроХрпНроХрпБ ропро╛ро░ро╛родройрпИропрпБроирпН родро┐ро▒ро┐родрпНродрпБро╡ ропрпЗроХродродрпНродрпБро╡рооро╛рой роХроЯ ро╡рпБро│рпБроХрпНроХрпБ роирооро╕рпНроХро╛ро░роорпБроЮрпН роЪроХро▓рокроЯрпИрокрпНрокрпБроХро│рпБроХрпНроХрпБрооро╛ро▒рпБродро▓рпБ роорпАроЯрпЖро▒рпНро▒ ропроЯрпИ рооро╛ройроорпБрооро╛ро░роХрпНроХро┐ройро┐ропрпБрооро╛роХро┐ро▒ ропро▒рпНроЪро┐роп роЪро┐ро╖рпНроЯ роорпНрооро╛ро░ро┐ропро╡рпБроХрпНроХрпБрокрпН рокрпБроХро┤рпНроЪрпНроЪро┐ропрпБроЮрпН роЪроорпНрооройроЪрпБроХрпНроХро│роорпБ родро▓ро╛рой роЪроХро▓ропро▒рпНроЪро┐ропроЪро┐ро╖рпНроЯрокрпЗро░рпНроХро│рпБроХрпНроХрпБ ропро╛роЪро░рогрпИ ропрпБроорпБрогрпНроЯро╛роХроХрпН роХроЯро╡родрпБ
роЖроорпЖройрпН роЪрпЗроЪрпБ. тАУ
ро╡ро┐роЪрпБ рооро┐ ро▓рпНро▓ро╛ ропро┐ ро░роХрпБрооро╛ роиро┐ ро░рпНро░роХро┐роХрпАроорпН
роЖройро╛родро┐ роирооро╕рпН родрпБ {роЪрпНро░рпКро╕рпНро╕рпН}
ро╢рпНро░рпАро░ро╛роороЬропроВ
ро╢рпНро░рпАро╕ро░ро╕рпНро╡родрпНропрпИ роирооЁСМГ
ро▒ро╛роороЪрпЖропроорпН
ро▒ро╛роороЪрпЖропроорпН
ро▒ро╛роороЪрпЖропроорпН
роХрпБро░рпБрокро╛родроорпН родрпБрогрпИ
ро▒ро╛роороЪрпЖропроорпН
ро▒ро╛роороЪрпЖропроорпН
роХрпБро░рпБрокро╛родроорпН родрпБрогрпИ
ро╣ро░ро┐ роТроорпН
роХрпБро░рпБрокро╛родроорпН
роЪро┐ро╡рооропроорпН
ро╣ро░ро┐ роТроорпН [ЁСМеЁСНВ wро╣рпКро▓рпЖ ЁСМмЁСННро▓рпЖро╕рпНро╕ро┐роирпНЁСМЧЁСНН ро╣ро░ро┐ роТрооро┐ро╕рпН роЗродрпНро╕рпЖро▓рпНf wро░ро┐родрпНродрпЖроиро┐роирпНро╕ро┐ЁСМжЁСНВ роЕ роТроорпН]
роиройрпН ро▒ро╛роХ [ЁСМеЁСНВ wро╣рпКро▓рпЖ ЁСМмЁСННро▓рпЖро╕рпНро╕ро┐роирпНЁСМЧЁСНН роиройрпНро▒ро╛роХ роЗро╕рпН роЗродрпНро╕рпЖро▓рпНf wро░ро┐родрпНродрпЖроиро┐роирпНро╕ро┐ЁСМжЁСНВ роЕ роТроорпН]
роЪро┐ро╡роЪрпБрокрпНрокро┐ро▒ роорогро┐ропро░рпН родрпБрогрпИ
ро╡ро┐роЪрпБрооро┐ ро▓рпНро▓ро╛ роХро┐ ро▒рпНро▒роХрпБрооро╛ рогро┐ ро▒рпНро▒роХрпАроорпН
рокроХройрпН ро│рпН роо роироорпК ро╕рпНродрпНродрпБ
ро╢рпНро░рпАро▒роХрпБройро╛ропроХро░рпН роЪрпАродро╛ро▓роЯрпНроЪрпБрооро┐ роХро┐ро▒рпБрокрпИропрпБрогрпНроЯро╛роХ родро╛роХро╡рпБроорпН
ро╣ро░ро┐ЁСМГ роТроорпН
ро▓рпКроХрокро┐ро░ро╡рпЖ роирооЁСМГ
роОроорпН рокрпЖро░рпБрооро╛ройро░рпНтАМ родро┐ро░рпБро╡родро┐роХро│рпЗ роЪро░рогроорпН
роЬрпАропро░рпНтАМ родро┐ро░рпБро╡родро┐роХро│рпЗ роЪро░рогроорпН
ро╣ро░рпА роТроорпН
роЕро┤рпНро╡ро╛ро░рпН родро┐ро░рпБро╡роЯро┐роХро│рпЗ роЪро░роироорпН
роЕро┤рпНро╡ро╛ро░рпН родро┐ро░рпБро╡роЯро┐роХро│рпЗ роЪро▒рогроорпН
роЪро┐ропро╛ро▒рпН родро┐ро░рпБро╡родро┐роХро│рпЗ роЪро▒рогроорпН
родро┐ро░рпБроЪрпНроЪро┐ро▒рпНро▒роорпНрокро▓роорпН
родро┐родрпНро▓рпЖ fроТро▓ро┐роТ, рооро░рпНЁСМЧЁСМ┐роирпН: рпР. ро╣ро░ро┐ЁСМГ роУроорпН роиройрпНро▒ро╛роХ роХрпБро░рпБ ро╡ро╛ро┤рпНроХ роХрпБро░рпБро╡рпЗ родрпБрогрпИ. ро╡рпН ЁСМмЁСННро▓роирпНроХрпН.
f. рпз, рооро░рпНЁСМЧЁСМ┐роирпН: роУроорпН [ЁСМЧЁСННро░роирпНЁСМе?] роЪрпЖропроорпН.
ро╣ро░ро┐ роТроорпН
ро╢рпНро░рпАро▒ро╛роороЪрпЖропроорпН
ро╢рпНро░рпАро░ро╛роороЬрпЖропроорпН
ро╣ро░ро┐ЁСМГ роТроорпН
ро╢рпНро░рпАро▒ро╛роороЪрпЖропроорпН
ро╢рпНро░рпАро▒ро╛роороЪрпЖропроорпН
ро╢рпНро░рпАро▒ро╛роороЪрпЖропроорпН
ро╢рпНро░рпАро▒ро╛роороЪрпЖропроорпН
ро╢рпНро░рпАро░ро╛роороЪрпЖропроорпН
ро╢рпНро░рпАро░ро╛роороЪрпЖропроорпН
ро╢рпНро░рпАро▒ро╛роороЪрпЖропроорпН
ро╢рпНро░рпАро░ро╛роороЪрпЖропроорпН
ро╢рпБЁСМн рооро╕рпНродрпБ
ро╢рпНро░рпАро▒ро╛роороЬропроорпН
ро╢рпНро░рпАро▒ро╛роороЬропроорпН
ро╢рпБЁСМнрооро╕рпНродрпБ
ро╢рпНро░рпАро░ро╛рооройрпН родрпБрогрпИ
ро╢рпНро░рпАро░ро╛рооройрпН родрпБрогрпИ
ро╢рпНро░рпАрооройро╛ро░ро╛ропрогро░рпН роХро┐ро▒рпБрокрпИ ропрпБрогрпНроЯро╛роХ
ро╢рпНро░рпАрооройрпНройро╛ро░ро╛ропрогро░рпН роХро┐ро▒рпБрокрпИ ропрпБрогрпНроЯро╛роХ ро╡рпЗрогрпБроорпН
ро╣ро░ро┐ роТроорпН
родро┐ро░рпБроЪрпНроЪро┐ро▒рпНро▒роорпНрокро▓роорпН
родрпЗро╡ро┐роЪроХро╛ропроорпН
роЪро┐ро╡роорпН
родро┐ро░рпБроЪрпНроЪро┐ро▒рпНро▒роорпНрокро▓роорпН
родрпЗро╡ро┐роЪроХро╛ропроорпН
роиройрпНро▒ро╛роХ
родрпЗро╡ро┐роЪроХро╛ропроорпН
родро┐ро░рпБроЪрпНроЪро┐ро▒рпНро▒роорпНрокро▓роорпН
роЪро┐ро╡ро░рпН
роЪро┐ро╡ро░рпН
роЖро▒рпБроорпБроХроорпН родрпБрогрпИ
роЕроорпНрокро▓родрпНродрпБроЯрпБродрпБ рооропрпНропро░рпН родрпБрогрпИропро╛роХ ро╡рпЗрогрпБроорпН
родрпЗро╡ро┐роЪроХро╛ропроорпН
родро┐ро░рпБроЪрпНроЪро┐ро▒рпНро▒роорпНрокро▓роорпН
роХрпБро░рпБ ро╡ро╛ро┤рпНроХ
роХрпБро░рпБро╡рпЗ родрпБрогрпИ
роЪро┐ро╡ро░рпН роЪро┐ро╡ро░рпН
родрпЗро╡ро┐роЪроХро╛ропроорпН
родрпЗро╡ро┐роЪроХро╛ропроорпН
роЖройро╛родро┐ роирооро╕рпНродрпБ
роиройрпН ро▒ро╛роХ
ро╡ро┐ройро╛ропроХро╛ роп роироороорпН
родро┐ро░рпБроЪрпНроЪро┐ро▒рпН ро▒роорпНрокро▓роорпН
ро╡ро╛рогро┐ роироорпКро╕рпНродрпБ {рокрпНроЪрпНро▓рпН}
роЪро▒рпНроХрпБро░рпБ рокро╛родрогрпН родрпБрогрпИ {рокрпНроЪрпНро▓рпН}
родро┐ро░рпБроЪрпНроЪро┐ро▒рпН ро▒роорпНрок ро▓роорпН
родро┐ро░рпБроЪрпНроЪро┐ро▒рпНро▒роорпНрокро▓роорпН
родро┐ро░рпБроЪрпНроЪро┐ро▒рпНро▒роорпНрокро▓роорпН
родро┐ро░рпБроЪрпНроЪро┐ро▒рпНро▒роорпНрокро▓роорпН
роЪро┐ро╡рооропроорпН
родро┐ро░рпБроЪрпНроЪро┐родрпНро▒ро▒рпНро▒роорпНрокро▓роорпН
роЕро▓рпНро▓ро╛ роЙродро╡ро┐ роЪрпЖропрпНропро╡рпЗрогрпБроорпН
роЪро▒ро╖рпНрокродро┐ родрпБрогрпИ {рокрпНроЪрпНро▓рпН}
ро╡ро┐роЪрпБрооро┐ ро▓рпНро▓ро╛ роХрпБ ро▒роХро┐рооро╛ ройро┐ ро▒роХрпАроорпН
роХроЯро╡рпБро│рпН роХрпБродрпБрогрпИ
роХроЯро╡рпБро│рпН родрпБрогрпИ
роХрпБро░рпБ роорпБройрпН ройро┐ро░рпНроХрпНроХ ро╡рпБроорпН
ропрпЗроХрокро░ро╛рокро░ро╡ро╖рпНродрпН родрпБро╡рпЗ родрпБрогрпИ
ро░рпБроирпНроиро┐роирпНЁСМЧЁСНН рооро░рпНЁСМЧЁСМ┐роиро▓рпН родро┐родрпНро▓рпЖ,  ро░ро╛роо , ЁСМмЁСНЛродрпНродрпКроорпНро░ро┐ЁСМШЁСННродрпН роЪрпКро░рпНроирпЖро░рпН, ро╡рпЖро░рпНро╕рпК. fроЗро░рпНро╕рпНродрпН рпп fроТро▓ро┐роТро╕рпН роТроирпНро▓рпНропрпН.
рооро░ро┐ропрпЗ ро░рпЖроЯрпНроЪро┐ропроорпН
рооро░ро┐ропройро╛ропроХро┐ роХро┐ро▒рпБрокро╛роХро┐роЯро╛ро╖рпНроЪроорпБрогрпНроЯро╛роХроХрпН роХроЯро╡родрпБ
рооро░ро┐ропроЪроХро╛ропроорпН
рооро░ро┐ропрпЗ ро╡ро╛ро┤рпНроХ
рооро░ро┐ропрпЗ ро░рпЖроЯрпНроЪро┐ропроорпН
родрпЗро╡ роЖрогрпНроЯро╡ро│рпН родрпБрогрпИ ропрпБрогрпНроЯро╛роХроХрпН роХроЯро╡родрпБ
ро╣ро░ро┐ЁСМГ роТроорпН
ро╢рпНро░рпАро╡рпЖЁСМжро╡рпНропро╛ро╕ро╛ропрпН роирпНрооЁСМГроирооЁСМГ
ро╢рпНро░рпАрооро╣ро╛ро╕ро░ро╕рпНро╡родрпНропрпИ роирпНрооЁСМГроирооЁСМГ
роЕро╡ро┐ЁСМШЁСННроирооро╕рпНродрпБ
ро╣ро░ро┐ЁСМГ роТроорпН
роЕро╡ро┐ЁСМШЁСННроирооро╕рпНродрпБ
ро╣ро░ро┐ЁСМГ роТроорпНтАМ
ро╢рпНро░рпА роХрпНро╖рпНрогро╛ро░рпНрокрогрооро╕рпНродрпБ
ро╢рпНро░рпАЁСМЧрпБро░рпБЁСМнЁСННропрпК роирооЁСМГ
ро╢рпНро░рпАро╡рпЖЁСМжро╡рпНропро╛ро╕ро╛роп роирооЁСМГ
роЕро╡ро┐ЁСМШЁСННроирооро╕рпНродрпБ
роХрпИро▓ро╛ро╕роиро╛ЁСМеЁСНВро╢рпНро╡ро░ро╕рпНро╡ро╛роорпАро╕ро╣ро╛ропЁСМГ
роТроорпНтАМ
ро╣ро░ро┐ЁСМГ роТроорпНтАМ
ро╣ро░ро┐ЁСМГ роТроорпНтАМ
ро╢рпНро░рпАроХрпНро╖рпНрогро╛ро░рпНрокрогрооро╕рпНродрпБ
ро╢рпБЁСМнрооро╕рпНродрпБ
роЗроиро┐родро┐роЕро▓рпН fроТро▓ро┐роТ, ро░рпЖроЪрпНродрпК: ро╢рпНро░рпАЁСМГ тАФ.
fроТро▓ро┐роТ рпзро╡рпН: ро╢рпНро░рпАЁСМГ.
ро╢рпНро░рпА роЗроирпН ЁСМеЁСНВ ро▓рпЖfродрпН рооро░рпНЁСМЧЁСМ┐роирпН, рпзро░рпН.
роТроирпН fроТро▓ро┐роТ рпз, ро░рпЖроЪрпНродрпК: ро╢рпНро░рпАро░ро╛рооЁСМГ.
ро╢рпНро░рпА
рооро░рпНЁСМЧЁСМ┐роиро▓ро┐роирпНро╡рпКроЪродро┐роТроирпН, ро╢рпНро░рпА, рпзро░рпН, ро▓рпЖfродрпН рооро░рпНЁСМЧЁСМ┐роирпН.
роТроирпН рпиро╡рпН, родрпКрокрпНро▓рпЖfродрпН роЪрпКро░рпНроирпЖро░рпН: ро╢рпНро░рпАро░ро╛рооЁСМГ ро╢ро░рогроВ роЕроирпНЁСМжЁСНН ро╢рпНро░рпАро░ро╛ЁСМзЁСМ╛роХрпНро╖рпНрогро╛ЁСМнЁСННропро╛роВ роирооЁСМГ
fроТро▓ро┐роТ рпзро░рпН, ро╢рпНро░рпАро╣ро░ро┐ЁСМГ
fроТро▓ро┐роТ рпиро░рпН, ро╢рпНро░рпАро╣ро░ро┐ЁСМГ
fроТро▓ро┐роТ рпзро░рпН, ро╢рпНро░рпАро╣ро░ро┐ЁСМГ
fроТро▓ро┐роТ рпиро░рпН, ро╢рпНро░рпАро╣ро░ро┐ЁСМГ
